UF,Cidade Gaúcha,pop
PR,Abatiá,7408
PR,Adrianópolis,5857
PR,Agudos do Sul,9470
PR,Almirante Tamandaré,120041
PR,Altamira do Paraná,1682
PR,Altônia,22176
PR,Alto Paraná,14859
PR,Alto Piquiri,9778
PR,Alvorada do Sul,11503
PR,Amaporã,6332
PR,Ampére,19311
PR,Anahy,2788
PR,Andirá,19926
PR,Ângulo,2930
PR,Antonina,18949
PR,Antônio Olinto,7427
PR,Apucarana,136234
PR,Arapongas,124810
PR,Arapoti,28300
PR,Arapuã,3009
PR,Araruna,14000
PR,Araucária,146214
PR,Ariranha do Ivaí,2066
PR,Assaí,14954
PR,Assis Chateaubriand,33340
PR,Astorga,26209
PR,Atalaia,3881
PR,Balsa Nova,13092
PR,Bandeirantes,31211
PR,Barbosa Ferraz,11426
PR,Barracão,10312
PR,Barra do Jacaré,2781
PR,Bela Vista da Caroba,3457
PR,Bela Vista do Paraíso,15399
PR,Bituruna,16400
PR,Boa Esperança,4047
PR,Boa Esperança do Iguaçu,2470
PR,Boa Ventura de São Roque,6365
PR,Boa Vista da Aparecida,7540
PR,Bocaiúva do Sul,13129
PR,Bom Jesus do Sul,3506
PR,Bom Sucesso,7068
PR,Bom Sucesso do Sul,3254
PR,Borrazópolis,6439
PR,Braganey,5382
PR,Brasilândia do Sul,2585
PR,Cafeara,2954
PR,Cafelândia,18456
PR,Cafezal do Sul,4009
PR,Califórnia,8606
PR,Cambará,25466
PR,Cambé,107341
PR,Cambira,7917
PR,Campina da Lagoa,14043
PR,Campina do Simão,3859
PR,Campina Grande do Sul,43685
PR,Campo Bonito,3763
PR,Campo do Tenente,8045
PR,Campo Largo,133865
PR,Campo Magro,29740
PR,Campo Mourão,95488
PR,Cândido de Abreu,14809
PR,Candói,16053
PR,Cantagalo,13329
PR,Capanema,19148
PR,Capitão Leônidas Marques,15834
PR,Carambeí,23825
PR,Carlópolis,14356
PR,Cascavel,332333
PR,Castro,71809
PR,Catanduvas,10167
PR,Centenário do Sul,10764
PR,Cerro Azul,17833
PR,Céu Azul,11819
PR,Chopinzinho,19167
PR,Cianorte,83816
PR,Cidade Gaúcha,12797
PR,Clevelândia,16450
PR,Colombo,246540
PR,Colorado,24145
PR,Congonhinhas,8857
PR,Conselheiro Mairinck,3876
PR,Contenda,18837
PR,Corbélia,17117
PR,Cornélio Procópio,47842
PR,Coronel Domingos Soares,7518
PR,Coronel Vivida,20580
PR,Corumbataí do Sul,3127
PR,Cruzeiro do Iguaçu,4240
PR,Cruzeiro do Oeste,20947
PR,Cruzeiro do Sul,4449
PR,Cruz Machado,18741
PR,Cruzmaltina,2921
PR,Curitiba,1948626
PR,Curiúva,15196
PR,Diamante do Norte,5030
PR,Diamante do Sul,3424
PR,Diamante D'Oeste,5266
PR,Dois Vizinhos,41038
PR,Douradina,8869
PR,Doutor Camargo,5983
PR,Enéas Marques,5933
PR,Engenheiro Beltrão,13981
PR,Esperança Nova,1665
PR,Entre Rios do Oeste,4596
PR,Espigão Alto do Iguaçu,4048
PR,Farol,3041
PR,Faxinal,17316
PR,Fazenda Rio Grande,102004
PR,Fênix,4748
PR,Fernandes Pinheiro,5602
PR,Figueira,7696
PR,Floraí,4906
PR,Flor da Serra do Sul,4603
PR,Floresta,6851
PR,Florestópolis,10453
PR,Flórida,2699
PR,Formosa do Oeste,6460
PR,Foz do Iguaçu,258248
PR,Francisco Alves,5993
PR,Francisco Beltrão,92216
PR,Foz do Jordão,4556
PR,General Carneiro,13685
PR,Godoy Moreira,2898
PR,Goioerê,28808
PR,Goioxim,7053
PR,Grandes Rios,5497
PR,Guaíra,33310
PR,Guairaçá,6609
PR,Guamiranga,8811
PR,Guapirama,3784
PR,Guaporema,2241
PR,Guaraci,5530
PR,Guaraniaçu,12217
PR,Guarapuava,182644
PR,Guaraqueçaba,7594
PR,Guaratuba,37527
PR,Honório Serpa,5119
PR,Ibaiti,31644
PR,Ibema,6370
PR,Ibiporã,55131
PR,Icaraíma,7786
PR,Iguaraçu,4440
PR,Iguatu,2253
PR,Imbaú,13282
PR,Imbituva,32940
PR,Inácio Martins,11121
PR,Inajá,3116
PR,Indianópolis,4465
PR,Ipiranga,15251
PR,Iporã,13782
PR,Iracema do Oeste,2251
PR,Irati,61088
PR,Iretama,10098
PR,Itaguajé,4446
PR,Itaipulândia,11385
PR,Itambaracá,6549
PR,Itambé,6109
PR,Itapejara d'Oeste,12094
PR,Itaperuçu,29070
PR,Itaúna do Sul,2781
PR,Ivaí,13965
PR,Ivaiporã,31935
PR,Ivaté,8240
PR,Ivatuba,3279
PR,Jaboti,5303
PR,Jacarezinho,39322
PR,Jaguapitã,13742
PR,Jaguariaíva,35027
PR,Jandaia do Sul,21230
PR,Janiópolis,5095
PR,Japira,4930
PR,Japurá,9500
PR,Jardim Alegre,11196
PR,Jardim Olinda,1320
PR,Jataizinho,12638
PR,Jesuítas,8330
PR,Joaquim Távora,12009
PR,Jundiaí do Sul,3269
PR,Juranda,7292
PR,Jussara,7041
PR,Kaloré,4047
PR,Lapa,48410
PR,Laranjal,5784
PR,Laranjeiras do Sul,32139
PR,Leópolis,3925
PR,Lidianópolis,3231
PR,Lindoeste,4592
PR,Loanda,23242
PR,Lobato,4819
PR,Londrina,575377
PR,Luiziana,7240
PR,Lunardelli,4744
PR,Lupionópolis,4945
PR,Mallet,13663
PR,Mamborê,13014
PR,Mandaguaçu,23100
PR,Mandaguari,34515
PR,Mandirituba,27315
PR,Manfrinópolis,2506
PR,Mangueirinha,16642
PR,Manoel Ribas,13510
PR,Marechal Cândido Rondon,53495
PR,Maria Helena,5634
PR,Marialva,35804
PR,Marilândia do Sul,8814
PR,Marilena,7084
PR,Mariluz,10336
PR,Maringá,430157
PR,Mariópolis,6632
PR,Maripá,5582
PR,Marmeleiro,14387
PR,Marquinho,4340
PR,Marumbi,4677
PR,Matelândia,18107
PR,Matinhos,35219
PR,Mato Rico,3206
PR,Mauá da Serra,10800
PR,Medianeira,46574
PR,Mercedes,5577
PR,Mirador,2196
PR,Miraselva,1796
PR,Missal,10704
PR,Moreira Sales,12042
PR,Morretes,16446
PR,Munhoz de Melo,4009
PR,Nossa Senhora das Graças,4008
PR,Nova Aliança do Ivaí,1551
PR,Nova América da Colina,3434
PR,Nova Aurora,10299
PR,Nova Cantu,5061
PR,Nova Esperança,27984
PR,Nova Esperança do Sudoeste,5030
PR,Nova Fátima,8136
PR,Nova Laranjeiras,11507
PR,Nova Londrina,13200
PR,Nova Olímpia,5826
PR,Nova Santa Bárbara,4277
PR,Nova Santa Rosa,8266
PR,Nova Prata do Iguaçu,10544
PR,Nova Tebas,5448
PR,Novo Itacolomi,2840
PR,Ortigueira,21960
PR,Ourizona,3425
PR,Ouro Verde do Oeste,6016
PR,Paiçandu,41773
PR,Palmas,51755
PR,Palmeira,33994
PR,Palmital,12960
PR,Palotina,32121
PR,Paraíso do Norte,14023
PR,Paranacity,11580
PR,Paranaguá,156174
PR,Paranapoema,3241
PR,Paranavaí,88922
PR,Pato Bragado,5684
PR,Pato Branco,83843
PR,Paula Freitas,5908
PR,Paulo Frontin,7387
PR,Peabiru,14007
PR,Perobal,6160
PR,Pérola,11321
PR,Pérola d'Oeste,6288
PR,Piên,12882
PR,Pinhais,133490
PR,Pinhalão,6324
PR,Pinhal de São Bento,2737
PR,Pinhão,32559
PR,Piraí do Sul,25617
PR,Piraquara,114970
PR,Pitanga,29994
PR,Pitangueiras,3262
PR,Planaltina do Paraná,4272
PR,Planalto,13431
PR,Ponta Grossa,355336
PR,Pontal do Paraná,27915
PR,Porecatu,12748
PR,Porto Amazonas,4874
PR,Porto Barreiro,3184
PR,Porto Rico,2556
PR,Porto Vitória,4061
PR,Prado Ferreira,3780
PR,Pranchita,5095
PR,Presidente Castelo Branco,5351
PR,Primeiro de Maio,11130
PR,Prudentópolis,52513
PR,Quarto Centenário,4465
PR,Quatiguá,7477
PR,Quatro Barras,23911
PR,Quatro Pontes,4029
PR,Quedas do Iguaçu,34409
PR,Querência do Norte,12232
PR,Quinta do Sol,4508
PR,Quitandinha,19221
PR,Ramilândia,4476
PR,Rancho Alegre,3784
PR,Rancho Alegre D'Oeste,2628
PR,Realeza,16950
PR,Rebouças,14946
PR,Renascença,6787
PR,Reserva,26825
PR,Reserva do Iguaçu,8069
PR,Ribeirão Claro,10645
PR,Ribeirão do Pinhal,12948
PR,Rio Azul,15336
PR,Rio Bom,3182
PR,Rio Bonito do Iguaçu,13255
PR,Rio Branco do Ivaí,4109
PR,Rio Branco do Sul,32517
PR,Rio Negro,34411
PR,Rolândia,67383
PR,Roncador,9645
PR,Rondon,9622
PR,Rosário do Ivaí,4689
PR,Sabáudia,6891
PR,Salgado Filho,3483
PR,Salto do Itararé,4898
PR,Salto do Lontra,14872
PR,Santa Amélia,3266
PR,Santa Cecília do Pavão,3293
PR,Santa Cruz de Monte Castelo,7751
PR,Santa Fé,12186
PR,Santa Helena,26767
PR,Santa Inês,1594
PR,Santa Isabel do Ivaí,8523
PR,Santa Izabel do Oeste,14794
PR,Santa Lúcia,3793
PR,Santa Maria do Oeste,9410
PR,Santa Mariana,11622
PR,Santa Mônica,4017
PR,Santana do Itararé,4954
PR,Santa Tereza do Oeste,10096
PR,Santa Terezinha de Itaipu,23699
PR,Santo Antônio da Platina,46251
PR,Santo Antônio do Caiuá,2626
PR,Santo Antônio do Paraíso,2068
PR,Santo Antônio do Sudoeste,20261
PR,Santo Inácio,5416
PR,São Carlos do Ivaí,6920
PR,São Jerônimo da Serra,11128
PR,São João,10181
PR,São João do Caiuá,5837
PR,São João do Ivaí,10056
PR,São João do Triunfo,15241
PR,São Jorge d'Oeste,9028
PR,São Jorge do Ivaí,5543
PR,São Jorge do Patrocínio,5586
PR,São José da Boa Vista,6160
PR,São José das Palmeiras,3627
PR,São José dos Pinhais,329058
PR,São Manoel do Paraná,2163
PR,São Mateus do Sul,46705
PR,São Miguel do Iguaçu,27576
PR,São Pedro do Iguaçu,5820
PR,São Pedro do Ivaí,11046
PR,São Pedro do Paraná,2289
PR,São Sebastião da Amoreira,8859
PR,São Tomé,5750
PR,Sapopema,6722
PR,Sarandi,97803
PR,Saudade do Iguaçu,5539
PR,Sengés,19385
PR,Serranópolis do Iguaçu,4477
PR,Sertaneja,5216
PR,Sertanópolis,16413
PR,Siqueira Campos,21249
PR,Sulina,2930
PR,Tamarana,15040
PR,Tamboara,5158
PR,Tapejara,16345
PR,Tapira,5495
PR,Teixeira Soares,12567
PR,Telêmaco Borba,79792
PR,Terra Boa,17200
PR,Terra Rica,16924
PR,Terra Roxa,17522
PR,Tibagi,20607
PR,Tijucas do Sul,17084
PR,Toledo,142645
PR,Tomazina,7807
PR,Três Barras do Paraná,12038
PR,Tunas do Paraná,9022
PR,Tuneiras do Oeste,8533
PR,Tupãssi,8109
PR,Turvo,13095
PR,Ubiratã,20909
PR,Umuarama,112500
PR,União da Vitória,57913
PR,Uniflor,2614
PR,Uraí,11273
PR,Wenceslau Braz,19386
PR,Ventania,12088
PR,Vera Cruz do Oeste,8454
PR,Verê,7174
PR,Alto Paraíso,2685
PR,Doutor Ulysses,5552
PR,Virmond,4022
PR,Vitorino,6859
PR,Xambrê,5630
SC,Abdon Batista,2548
SC,Abelardo Luz,17960
SC,Agrolândia,11013
SC,Agronômica,5509
SC,Água Doce,7152
SC,Águas de Chapecó,6515
SC,Águas Frias,2354
SC,Águas Mornas,6559
SC,Alfredo Wagner,10086
SC,Alto Bela Vista,1926
SC,Anchieta,5557
SC,Angelina,4743
SC,Anita Garibaldi,6957
SC,Anitápolis,3228
SC,Antônio Carlos,8613
SC,Apiúna,10848
SC,Arabutã,4267
SC,Araquari,39524
SC,Araranguá,68867
SC,Armazém,8759
SC,Arroio Trinta,3549
SC,Arvoredo,2234
SC,Ascurra,7978
SC,Atalanta,3195
SC,Aurora,5683
SC,Balneário Arroio do Silva,13430
SC,Balneário Camboriú,145796
SC,Balneário Barra do Sul,11035
SC,Balneário Gaivota,11260
SC,Bandeirante,2648
SC,Barra Bonita,1651
SC,Barra Velha,29860
SC,Bela Vista do Toldo,6362
SC,Belmonte,2709
SC,Benedito Novo,11775
SC,Biguaçu,69486
SC,Blumenau,361855
SC,Bocaina do Sul,3488
SC,Bombinhas,20335
SC,Bom Jardim da Serra,4772
SC,Bom Jesus,3057
SC,Bom Jesus do Oeste,2139
SC,Bom Retiro,10060
SC,Botuverá,5322
SC,Braço do Norte,33876
SC,Braço do Trombudo,3769
SC,Brunópolis,2368
SC,Brusque,137689
SC,Caçador,79313
SC,Caibi,6130
SC,Calmon,3335
SC,Camboriú,85105
SC,Capão Alto,2496
SC,Campo Alegre,11981
SC,Campo Belo do Sul,6952
SC,Campo Erê,8418
SC,Campos Novos,36556
SC,Canelinha,12398
SC,Canoinhas,54480
SC,Capinzal,23035
SC,Capivari de Baixo,25177
SC,Catanduvas,10984
SC,Caxambu do Sul,3551
SC,Celso Ramos,2719
SC,Cerro Negro,3068
SC,Chapadão do Lageado,3006
SC,Chapecó,224013
SC,Cocal do Sul,16821
SC,Concórdia,75167
SC,Cordilheira Alta,4520
SC,Coronel Freitas,9940
SC,Coronel Martins,2555
SC,Corupá,16107
SC,Correia Pinto,12553
SC,Criciúma,217311
SC,Cunha Porã,11118
SC,Cunhataí,1967
SC,Curitibanos,39893
SC,Descanso,8192
SC,Dionísio Cerqueira,15545
SC,Dona Emma,4186
SC,Doutor Pedrinho,4115
SC,Entre Rios,3218
SC,Ermo,2061
SC,Erval Velho,4418
SC,Faxinal dos Guedes,10649
SC,Flor do Sertão,1579
SC,Florianópolis,508826
SC,Formosa do Sul,2495
SC,Forquilhinha,27211
SC,Fraiburgo,36584
SC,Frei Rogério,1970
SC,Galvão,2791
SC,Garopaba,23579
SC,Garuva,18484
SC,Gaspar,70793
SC,Governador Celso Ramos,14606
SC,Grão Pará,6595
SC,Gravatal,11577
SC,Guabiruba,24382
SC,Guaraciaba,10026
SC,Guaramirim,45797
SC,Guarujá do Sul,5178
SC,Guatambú,4698
SC,Herval d'Oeste,22714
SC,Ibiam,1954
SC,Ibicaré,3178
SC,Ibirama,19096
SC,Içara,57247
SC,Ilhota,14359
SC,Imaruí,9948
SC,Imbituba,45286
SC,Imbuia,6241
SC,Indaial,70900
SC,Iomerê,2962
SC,Ipira,4406
SC,Iporã do Oeste,9045
SC,Ipuaçu,7579
SC,Ipumirim,7620
SC,Iraceminha,3938
SC,Irani,10498
SC,Irati,1909
SC,Irineópolis,11289
SC,Itá,6129
SC,Itaiópolis,21780
SC,Itajaí,223112
SC,Itapema,67338
SC,Itapiranga,17007
SC,Itapoá,21177
SC,Ituporanga,25355
SC,Jaborá,3918
SC,Jacinto Machado,10376
SC,Jaguaruna,20288
SC,Jaraguá do Sul,181173
SC,Jardinópolis,1546
SC,Joaçaba,30404
SC,Joinville,597658
SC,José Boiteux,5007
SC,Jupiá,2092
SC,Lacerdópolis,2247
SC,Lages,157349
SC,Laguna,46122
SC,Lajeado Grande,1418
SC,Laurentino,7063
SC,Lauro Müller,15313
SC,Lebon Régis,12115
SC,Leoberto Leal,3000
SC,Lindóia do Sul,4546
SC,Lontras,12315
SC,Luiz Alves,13107
SC,Luzerna,5684
SC,Macieira,1766
SC,Mafra,56561
SC,Major Gercino,3454
SC,Major Vieira,8156
SC,Maracajá,7378
SC,Maravilha,26116
SC,Marema,1750
SC,Massaranduba,17125
SC,Matos Costa,2480
SC,Meleiro,7001
SC,Mirim Doce,2283
SC,Modelo,4218
SC,Mondaí,11889
SC,Monte Carlo,9906
SC,Monte Castelo,8269
SC,Morro da Fumaça,17947
SC,Morro Grande,2888
SC,Navegantes,83626
SC,Nova Erechim,5092
SC,Nova Itaberaba,4329
SC,Nova Trento,14782
SC,Nova Veneza,15342
SC,Novo Horizonte,2404
SC,Orleans,23038
SC,Otacílio Costa,18975
SC,Ouro,7272
SC,Ouro Verde,2207
SC,Paial,1474
SC,Painel,2356
SC,Palhoça,175272
SC,Palma Sola,7372
SC,Palmeira,2650
SC,Palmitos,16157
SC,Papanduva,19422
SC,Paraíso,3360
SC,Passo de Torres,9048
SC,Passos Maia,4109
SC,Paulo Lopes,7569
SC,Pedras Grandes,3953
SC,Penha,33284
SC,Peritiba,2760
SC,Pescaria Brava,10159
SC,Petrolândia,5905
SC,Balneário Piçarras,23772
SC,Pinhalzinho,20712
SC,Pinheiro Preto,3596
SC,Piratuba,3745
SC,Planalto Alegre,2888
SC,Pomerode,34010
SC,Ponte Alta,4650
SC,Ponte Alta do Norte,3420
SC,Ponte Serrada,11634
SC,Porto Belo,21932
SC,Porto União,35543
SC,Pouso Redondo,17712
SC,Praia Grande,7312
SC,Presidente Castello Branco,1547
SC,Presidente Getúlio,17726
SC,Presidente Nereu,2283
SC,Princesa,2937
SC,Quilombo,9829
SC,Rancho Queimado,2887
SC,Rio das Antas,6202
SC,Rio do Campo,5902
SC,Rio do Oeste,7520
SC,Rio dos Cedros,11808
SC,Rio do Sul,72006
SC,Rio Fortuna,4620
SC,Rio Negrinho,42495
SC,Rio Rufino,2483
SC,Riqueza,4561
SC,Rodeio,11600
SC,Romelândia,4684
SC,Salete,7659
SC,Saltinho,3754
SC,Salto Veloso,4756
SC,Sangão,12905
SC,Santa Cecília,16918
SC,Santa Helena,2200
SC,Santa Rosa de Lima,2147
SC,Santa Rosa do Sul,8378
SC,Santa Terezinha,8773
SC,Santa Terezinha do Progresso,2372
SC,Santiago do Sul,1235
SC,Santo Amaro da Imperatriz,23579
SC,São Bernardino,2287
SC,São Bento do Sul,85421
SC,São Bonifácio,2814
SC,São Carlos,11369
SC,São Cristóvão do Sul,5598
SC,São Domingos,9434
SC,São Francisco do Sul,53746
SC,São João do Oeste,6402
SC,São João Batista,38583
SC,São João do Itaperiú,3759
SC,São João do Sul,7315
SC,São Joaquim,27139
SC,São José,250181
SC,São José do Cedro,13820
SC,São José do Cerrito,8173
SC,São Lourenço do Oeste,24291
SC,São Ludgero,13650
SC,São Martinho,3171
SC,São Miguel da Boa Vista,1807
SC,São Miguel do Oeste,40868
SC,São Pedro de Alcântara,5935
SC,Saudades,9810
SC,Schroeder,21991
SC,Seara,17576
SC,Serra Alta,3256
SC,Siderópolis,14092
SC,Sombrio,30733
SC,Sul Brasil,2423
SC,Taió,18486
SC,Tangará,8662
SC,Tigrinhos,1619
SC,Tijucas,39155
SC,Timbé do Sul,5343
SC,Timbó,44977
SC,Timbó Grande,7941
SC,Três Barras,19366
SC,Treviso,3966
SC,Treze de Maio,7093
SC,Treze Tílias,7991
SC,Trombudo Central,7434
SC,Tubarão,106422
SC,Tunápolis,4525
SC,Turvo,12990
SC,União do Oeste,2412
SC,Urubici,11273
SC,Urupema,2459
SC,Urussanga,21344
SC,Vargeão,3571
SC,Vargem,2432
SC,Vargem Bonita,4451
SC,Vidal Ramos,6329
SC,Videira,53610
SC,Vitor Meireles,4943
SC,Witmarsum,3998
SC,Xanxerê,51642
SC,Xavantina,3903
SC,Xaxim,28983
SC,Zortéa,3398
SC,Balneário Rincão,12946
RS,Aceguá,4942
RS,Água Santa,3743
RS,Agudo,16401
RS,Ajuricaba,6987
RS,Alecrim,5827
RS,Alegrete,73028
RS,Alegria,3374
RS,Almirante Tamandaré do Sul,1949
RS,Alpestre,6067
RS,Alto Alegre,1613
RS,Alto Feliz,3036
RS,Alvorada,211352
RS,Amaral Ferrador,7085
RS,Ametista do Sul,7403
RS,André da Rocha,1343
RS,Anta Gorda,5961
RS,Antônio Prado,13045
RS,Arambaré,3562
RS,Araricá,5771
RS,Aratiba,6189
RS,Arroio do Meio,20967
RS,Arroio do Sal,10279
RS,Arroio do Padre,2951
RS,Arroio dos Ratos,14177
RS,Arroio do Tigre,13413
RS,Arroio Grande,18238
RS,Arvorezinha,10423
RS,Augusto Pestana,6602
RS,Áurea,3535
RS,Bagé,121335
RS,Balneário Pinhal,14363
RS,Barão,6202
RS,Barão de Cotegipe,6620
RS,Barão do Triunfo,7519
RS,Barracão,5256
RS,Barra do Guarita,3257
RS,Barra do Quaraí,4227
RS,Barra do Ribeiro,13556
RS,Barra do Rio Azul,1655
RS,Barra Funda,2551
RS,Barros Cassal,11182
RS,Benjamin Constant do Sul,1958
RS,Bento Gonçalves,121803
RS,Boa Vista das Missões,2092
RS,Boa Vista do Buricá,6712
RS,Boa Vista do Cadeado,2468
RS,Boa Vista do Incra,2616
RS,Boa Vista do Sul,2778
RS,Bom Jesus,11309
RS,Bom Princípio,14255
RS,Bom Progresso,1899
RS,Bom Retiro do Sul,12390
RS,Boqueirão do Leão,7702
RS,Bossoroca,6205
RS,Bozano,2111
RS,Braga,3311
RS,Brochier,5104
RS,Butiá,20952
RS,Caçapava do Sul,33548
RS,Cacequi,12423
RS,Cachoeira do Sul,81869
RS,Cachoeirinha,131240
RS,Cacique Doble,5074
RS,Caibaté,4823
RS,Caiçara,4700
RS,Camaquã,66478
RS,Camargo,2742
RS,Cambará do Sul,6406
RS,Campestre da Serra,3395
RS,Campina das Missões,5398
RS,Campinas do Sul,5438
RS,Campo Bom,69458
RS,Campo Novo,4376
RS,Campos Borges,3295
RS,Candelária,31421
RS,Cândido Godói,6151
RS,Candiota,9647
RS,Canela,45488
RS,Canguçu,56211
RS,Canoas,348208
RS,Canudos do Vale,1705
RS,Capão Bonito do Sul,1641
RS,Capão da Canoa,54051
RS,Capão do Cipó,3699
RS,Capão do Leão,25409
RS,Capivari do Sul,4728
RS,Capela de Santana,12064
RS,Capitão,2763
RS,Carazinho,62265
RS,Caraá,8350
RS,Carlos Barbosa,30241
RS,Carlos Gomes,1351
RS,Casca,9051
RS,Caseiros,3216
RS,Catuípe,8701
RS,Caxias do Sul,517451
RS,Centenário,2877
RS,Cerrito,6047
RS,Cerro Branco,4706
RS,Cerro Grande,2296
RS,Cerro Grande do Sul,12413
RS,Cerro Largo,14189
RS,Chapada,9239
RS,Charqueadas,41258
RS,Charrua,3252
RS,Chiapetta,3719
RS,Chuí,6770
RS,Chuvisca,5480
RS,Cidreira,16583
RS,Ciríaco,4719
RS,Colinas,2469
RS,Colorado,3130
RS,Condor,6759
RS,Constantina,9907
RS,Coqueiro Baixo,1495
RS,Coqueiros do Sul,2286
RS,Coronel Barros,2520
RS,Coronel Bicaco,7268
RS,Coronel Pilar,1614
RS,Cotiporã,3838
RS,Coxilha,2743
RS,Crissiumal,13357
RS,Cristal,8067
RS,Cristal do Sul,2844
RS,Cruz Alta,59922
RS,Cruzaltense,1799
RS,Cruzeiro do Sul,12402
RS,David Canabarro,4736
RS,Derrubadas,2761
RS,Dezesseis de Novembro,2378
RS,Dilermando de Aguiar,3002
RS,Dois Irmãos,33119
RS,Dois Irmãos das Missões,2008
RS,Dois Lajeados,3405
RS,Dom Feliciano,15487
RS,Dom Pedro de Alcântara,2527
RS,Dom Pedrito,38339
RS,Dona Francisca,2999
RS,Doutor Maurício Cardoso,4462
RS,Doutor Ricardo,1975
RS,Eldorado do Sul,41902
RS,Encantado,22880
RS,Encruzilhada do Sul,25960
RS,Engenho Velho,982
RS,Entre-Ijuís,8411
RS,Entre Rios do Sul,2758
RS,Erebango,2982
RS,Erechim,106633
RS,Ernestina,3170
RS,Herval,6814
RS,Erval Grande,4819
RS,Erval Seco,6802
RS,Esmeralda,3287
RS,Esperança do Sul,2885
RS,Espumoso,15591
RS,Estação,5940
RS,Estância Velha,50672
RS,Esteio,83279
RS,Estrela,34399
RS,Estrela Velha,3650
RS,Eugênio de Castro,2352
RS,Fagundes Varela,2741
RS,Farroupilha,73061
RS,Faxinal do Soturno,6663
RS,Faxinalzinho,2284
RS,Fazenda Vilanova,4608
RS,Feliz,13640
RS,Flores da Cunha,31063
RS,Floriano Peixoto,1737
RS,Fontoura Xavier,10241
RS,Formigueiro,6616
RS,Forquetinha,2400
RS,Fortaleza dos Valos,4285
RS,Frederico Westphalen,31498
RS,Garibaldi,35440
RS,Garruchos,2886
RS,Gaurama,5489
RS,General Câmara,8361
RS,Gentil,1626
RS,Getúlio Vargas,16184
RS,Giruá,15863
RS,Glorinha,8204
RS,Gramado,36555
RS,Gramado dos Loureiros,2058
RS,Gramado Xavier,4352
RS,Gravataí,283620
RS,Guabiju,1490
RS,Guaíba,98239
RS,Guaporé,25968
RS,Guarani das Missões,7463
RS,Harmonia,4917
RS,Herveiras,3019
RS,Horizontina,19389
RS,Hulha Negra,6836
RS,Humaitá,4736
RS,Ibarama,4399
RS,Ibiaçá,4699
RS,Ibiraiaras,7265
RS,Ibirapuitã,4000
RS,Ibirubá,20413
RS,Igrejinha,37340
RS,Ijuí,83764
RS,Ilópolis,4066
RS,Imbé,23271
RS,Imigrante,3100
RS,Independência,6109
RS,Inhacorá,2215
RS,Ipê,6689
RS,Ipiranga do Sul,1880
RS,Iraí,7141
RS,Itaara,5537
RS,Itacurubi,3460
RS,Itapuca,2065
RS,Itaqui,37489
RS,Itati,2397
RS,Itatiba do Sul,3231
RS,Ivorá,1881
RS,Ivoti,24690
RS,Jaboticaba,3773
RS,Jacuizinho,2706
RS,Jacutinga,3546
RS,Jaguarão,26500
RS,Jaguari,10765
RS,Jaquirana,3662
RS,Jari,3486
RS,Jóia,8566
RS,Júlio de Castilhos,19224
RS,Lagoa Bonita do Sul,2921
RS,Lagoão,6461
RS,Lagoa dos Três Cantos,1607
RS,Lagoa Vermelha,27778
RS,Lajeado,85033
RS,Lajeado do Bugre,2566
RS,Lavras do Sul,7444
RS,Liberato Salzano,5152
RS,Lindolfo Collor,6125
RS,Linha Nova,1719
RS,Machadinho,5427
RS,Maçambará,4562
RS,Mampituba,2973
RS,Manoel Viana,7307
RS,Maquiné,6681
RS,Maratá,2702
RS,Marau,44858
RS,Marcelino Ramos,4319
RS,Mariana Pimentel,3888
RS,Mariano Moro,2009
RS,Marques de Souza,3995
RS,Mata,4797
RS,Mato Castelhano,2542
RS,Mato Leitão,4573
RS,Mato Queimado,1629
RS,Maximiliano de Almeida,4314
RS,Minas do Leão,8103
RS,Miraguaí,4911
RS,Montauri,1441
RS,Monte Alegre dos Campos,3232
RS,Monte Belo do Sul,2530
RS,Montenegro,65721
RS,Mormaço,3113
RS,Morrinhos do Sul,2919
RS,Morro Redondo,6589
RS,Morro Reuter,6513
RS,Mostardas,12847
RS,Muçum,4961
RS,Muitos Capões,3173
RS,Muliterno,1897
RS,Não-Me-Toque,17758
RS,Nicolau Vergueiro,1674
RS,Nonoai,11633
RS,Nova Alvorada,3663
RS,Nova Araçá,4826
RS,Nova Bassano,10005
RS,Nova Boa Vista,1753
RS,Nova Bréscia,3337
RS,Nova Candelária,2688
RS,Nova Esperança do Sul,5410
RS,Nova Hartz,21875
RS,Nova Pádua,2558
RS,Nova Palma,6515
RS,Nova Petrópolis,21536
RS,Nova Prata,27648
RS,Nova Ramada,2218
RS,Nova Roma do Sul,3717
RS,Nova Santa Rita,29905
RS,Novo Cabrais,4222
RS,Novo Hamburgo,247032
RS,Novo Machado,3256
RS,Novo Tiradentes,2200
RS,Novo Xingu,1712
RS,Novo Barreiro,4175
RS,Osório,46414
RS,Paim Filho,3778
RS,Palmares do Sul,11330
RS,Palmeira das Missões,33131
RS,Palmitinho,7056
RS,Panambi,44128
RS,Pantano Grande,9083
RS,Paraí,7727
RS,Paraíso do Sul,7623
RS,Pareci Novo,3862
RS,Parobé,58858
RS,Passa Sete,5747
RS,Passo do Sobrado,6574
RS,Passo Fundo,204722
RS,Paulo Bento,2299
RS,Paverama,8515
RS,Pedras Altas,1954
RS,Pedro Osório,7706
RS,Pejuçara,3857
RS,Pelotas,343132
RS,Picada Café,5738
RS,Pinhal,2580
RS,Pinhal da Serra,1918
RS,Pinhal Grande,4329
RS,Pinheirinho do Vale,4899
RS,Pinheiro Machado,12195
RS,Pinto Bandeira,3036
RS,Pirapó,2254
RS,Piratini,20704
RS,Planalto,10019
RS,Poço das Antas,2101
RS,Pontão,3901
RS,Ponte Preta,1524
RS,Portão,37561
RS,Porto Alegre,1488252
RS,Porto Lucena,4594
RS,Porto Mauá,2352
RS,Porto Vera Cruz,1308
RS,Porto Xavier,10194
RS,Pouso Novo,1612
RS,Presidente Lucena,2937
RS,Progresso,6239
RS,Protásio Alves,1938
RS,Putinga,3889
RS,Quaraí,22607
RS,Quatro Irmãos,1856
RS,Quevedos,2790
RS,Quinze de Novembro,3803
RS,Redentora,11669
RS,Relvado,2079
RS,Restinga Sêca,15744
RS,Rio dos Índios,2660
RS,Rio Grande,211965
RS,Rio Pardo,38265
RS,Riozinho,4676
RS,Roca Sales,11471
RS,Rodeio Bonito,5868
RS,Rolador,2296
RS,Rolante,21453
RS,Ronda Alta,10617
RS,Rondinha,5080
RS,Roque Gonzales,6797
RS,Rosário do Sul,39314
RS,Sagrada Família,2605
RS,Saldanha Marinho,2622
RS,Salto do Jacuí,12481
RS,Salvador das Missões,2733
RS,Salvador do Sul,7889
RS,Sananduva,16328
RS,Santa Bárbara do Sul,7909
RS,Santa Cecília do Sul,1634
RS,Santa Clara do Sul,6681
RS,Santa Cruz do Sul,131365
RS,Santa Maria,283677
RS,Santa Maria do Herval,6364
RS,Santa Margarida do Sul,2578
RS,Santana da Boa Vista,8067
RS,Sant'Ana do Livramento,76321
RS,Santa Rosa,73575
RS,Santa Tereza,1726
RS,Santa Vitória do Palmar,29483
RS,Santiago,49360
RS,Santo Ângelo,77568
RS,Santo Antônio do Palma,2123
RS,Santo Antônio da Patrulha,43171
RS,Santo Antônio das Missões,10050
RS,Santo Antônio do Planalto,2019
RS,Santo Augusto,13848
RS,Santo Cristo,14216
RS,Santo Expedito do Sul,2305
RS,São Borja,60019
RS,São Domingos do Sul,3083
RS,São Francisco de Assis,18205
RS,São Francisco de Paula,21801
RS,São Gabriel,62147
RS,São Jerônimo,24412
RS,São João da Urtiga,4641
RS,São João do Polêsine,2543
RS,São Jorge,2816
RS,São José das Missões,2514
RS,São José do Herval,1943
RS,São José do Hortêncio,4865
RS,São José do Inhacorá,2056
RS,São José do Norte,27721
RS,São José do Ouro,6922
RS,São José do Sul,2437
RS,São José dos Ausentes,3543
RS,São Leopoldo,238648
RS,São Lourenço do Sul,43540
RS,São Luiz Gonzaga,33293
RS,São Marcos,21658
RS,São Martinho,5380
RS,São Martinho da Serra,3231
RS,São Miguel das Missões,7683
RS,São Nicolau,5208
RS,São Paulo das Missões,5720
RS,São Pedro da Serra,3842
RS,São Pedro das Missões,2017
RS,São Pedro do Butiá,2949
RS,São Pedro do Sul,16148
RS,São Sebastião do Caí,25959
RS,São Sepé,23555
RS,São Valentim,3259
RS,São Valentim do Sul,2245
RS,São Valério do Sul,2729
RS,São Vendelino,2266
RS,São Vicente do Sul,8732
RS,Sapiranga,80037
RS,Sapucaia do Sul,141808
RS,Sarandi,24763
RS,Seberi,10713
RS,Sede Nova,2891
RS,Segredo,7444
RS,Selbach,5107
RS,Senador Salgado Filho,2770
RS,Sentinela do Sul,5609
RS,Serafina Corrêa,17795
RS,Sério,1924
RS,Sertão,5315
RS,Sertão Santana,6537
RS,Sete de Setembro,1950
RS,Severiano de Almeida,3631
RS,Silveira Martins,2374
RS,Sinimbu,10162
RS,Sobradinho,15005
RS,Soledade,31035
RS,Tabaí,4769
RS,Tapejara,24552
RS,Tapera,10577
RS,Tapes,17332
RS,Taquara,57584
RS,Taquari,26885
RS,Taquaruçu do Sul,3077
RS,Tavares,5483
RS,Tenente Portela,13434
RS,Terra de Areia,11315
RS,Teutônia,33766
RS,Tio Hugo,3055
RS,Tiradentes do Sul,5616
RS,Toropi,2772
RS,Torres,39064
RS,Tramandaí,52632
RS,Travesseiro,2334
RS,Três Arroios,2643
RS,Três Cachoeiras,11115
RS,Três Coroas,28581
RS,Três de Maio,23876
RS,Três Forquilhas,2669
RS,Três Palmeiras,4251
RS,Três Passos,23852
RS,Trindade do Sul,5791
RS,Triunfo,29856
RS,Tucunduva,5644
RS,Tunas,4577
RS,Tupanci do Sul,1459
RS,Tupanciretã,24068
RS,Tupandi,4939
RS,Tuparendi,7810
RS,Turuçu,3423
RS,Ubiretama,1983
RS,União da Serra,1118
RS,Unistalda,2321
RS,Uruguaiana,126866
RS,Vacaria,66575
RS,Vale Verde,3515
RS,Vale do Sol,11828
RS,Vale Real,5981
RS,Vanini,2122
RS,Venâncio Aires,71973
RS,Vera Cruz,27099
RS,Veranópolis,26533
RS,Vespasiano Corrêa,1795
RS,Viadutos,4690
RS,Viamão,256302
RS,Vicente Dutra,4599
RS,Victor Graeff,2860
RS,Vila Flores,3396
RS,Vila Lângaro,2080
RS,Vila Maria,4363
RS,Vila Nova do Sul,4277
RS,Vista Alegre,2739
RS,Vista Alegre do Prata,1557
RS,Vista Gaúcha,2855
RS,Vitória das Missões,3092
RS,Westfália,3031
RS,Xangri-lá,16775

